tempo,chroma_stft_mean,mfcc_mean,zcr_mean,spectral_centroid_mean,rmse_mean,spectral_bandwidth_mean,chroma_cq_mean,mfcc_delta_mean,harmonic_mean,percussive_mean,spectral_rolloff_mean,spectral_contrast_mean,tonnetz_mean,poly_mean
116.45332927364426,0.29587150910465987,-4.039874788988189,0.07194412280666135,1847.650056585878,0.14859101464299812,2196.060636601497,0.31725196647889836,0.0038963612871005635,3.6398826696384715e-05,4.0469050549151346e-05,3903.235452859303,25.252725168515227,0.007140227604612208,1.4563665005361577
132.65404456233972,0.3755306243896484,1.831857229556357,0.10811814809558459,2566.336098856082,0.237369665397065,2620.7431762003007,0.46609654554298946,0.0032047669529967106,-4.1985437234525426e-05,6.624103814090152e-05,5496.542534564096,23.15691933349116,0.003256772479869813,2.6636032171416915
108.02010810029594,0.446873653022682,3.504974771510153,0.07240665039144552,1943.945865906199,0.25455721248598656,2226.0969476164178,0.459236563566853,0.0019374763019530943,0.0011916172373973044,0.00024414988057899615,4183.885370516131,22.411517568446182,-0.0016346472118399851,2.5713747873553343
